аф	266
и	226
user	173
а	162
шумбрат	152
мокшень	136
кода	133
ялгат	130
мархта	107
сюкпря	100
тя	88
мокша	86
мон	84
од	73
пара	69
тон	68
кие	63
кельгома	61
мезе	59
эрзя	57
мордовия	56
цебярь	54
лац	50
пяк	50
тячи	48
мазы	47
сембе	45
мес	42
сон	41
аш	40
с	40
ули	40
шумбратада	38
кодама	35
минь	35
ши	35
a	34
тяфтама	34
монь	33
тяфта	32
десяточка	31
оцю	31
эрзянь	31
эряви	31
10канал	30
валмуворкс	30
лама	30
одпинге	30
сяда	30
эса	30
аньцек	29
сай	28
саранск	28
тяса	27
мокшекс	26
содаса	26
киза	24
коса	23
кяльса	23
тонь	23
шачема	23
колга	22
сембонди	22
тят	22
анон	21
кармай	21
ни	21
m	20
кда	20
сась	20
ся	20
теенть	20
шумбра	20
ə	19
велесь	19
лемса	19
пинге	19
шить	19
эрь	19
link	18
да	18
кяльть	18
нинге	18
тинь	18
вай	17
велеса	17
моли	17
саранскяйсь	17
фкя	17
эсь	17
k	16
кулхцондода	16
курок	16
лямбе	16
пачат	16
синь	16
тага	16
тоса	16
шит	16
s	15
катк	15
лангс	15
мяльса	15
сонь	15
тейть	15
у	15
шись	15
эзда	15
p	14
лангса	14
мзярда	14
мора	14
мордовияса	14
но	14
саранскяйса	14
ульсь	14
якстерь	14
ä	13
ваймама	13
ванфтомак	13
ломаттне	13
мокшет	13
тундась	13
улема	13
шкайнязе	13
r	12
или	12
исяк	12
кизось	12
ков	12
кулхцондыеньке	12
лацкас	12
одкстоптовсть	12
пря	12
сембонь	12
стама	12
тейне	12
тефне	12
фалу	12
эфирхне	12
sʲ	11
валомне	11
кафта	11
коза	11
куду	11
мзяра	11
мизе	11
молемс	11
паваз	11
сембода	11
тоже	11
тяни	11
шобдава	11
ётась	11
n	10
ащи	10
ванды	10
инголи	10
инь	10
коста	10
меле	10
мокшан	10
молихть	10
мордовиянь	10
ня	10
пизем	10
рузонь	10
сембось	10
содасы	10
сюк	10
сяс	10
т	10
цебярьста	10
арьсетяма	9
афи	9
афкукс	9
валонкса	9
кизонь	9
корхтай	9
мази	9
мастор	9
мокшэрзянь	9
молян	9
морот	9
москуса	9
национальнай	9
ошеньке	9
панчф	9
пингть	9
сире	9
содама	9
стирь	9
тевонття	9
тячиень	9
ульхть	9
шачем	9
шицень	9
школаса	9
што	9
ёфкс	9
tʲ	8
азомс	8
арьсян	8
ашень	8
вага	8
вайме	8
ваность	8
вдь	8
веле	8
велень	8
вов	8
илядь	8
кати	8
келунясь	8
кивок	8
кизоть	8
кинь	8
кштимс	8
ломатть	8
люкай	8
м	8
марина	8
морай	8
ошень	8
пади	8
пингста	8
покодема	8
район	8
стане	8
сюконян	8
то	8
тусь	8
тяза	8
тялось	8
шта	8
эрзят	8
эрюш	8
эрян	8
я	8
1	7
i	7
t	7
авань	7
анок	7
библиотекаса	7
ва	7
валхт	7
вежай	7
велеста	7
журналть	7
канды	7
кельгса	7
кона	7
коряс	7
лемоц	7
лиссь	7
лия	7
ломань	7
погодась	7
правда	7
прай	7
прокс	7
р-он	7
россиянь	7
саворне	7
стака	7
сяка	7
тейнек	7
тейнть	7
тонць	7
хоть	7
цёрат	7
шумбраши	7
эста	7
f	6
адажса	6
али	6
арьсят	6
ашезь	6
баняса	6
в	6
валть	6
валхне	6
варма	6
вирьса	6
въдь	6
доляс	6
евсевьевонь	6
илать	6
илять	6
кармайхть	6
кельме	6
колафнень	6
колма	6
кудса	6
кунара	6
кяпе	6
лов	6
ляпе	6
марса	6
месяц	6
мокшат	6
мялезон	6
мяль	6
не	6
ну	6
педагогикань	6
пиже	6
покш	6
полафни	6
пушкинонь	6
симбе	6
содак	6
сонць	6
стёпа	6
сувак	6
сявомак	6
сёксесь	6
танцти	6
тяда	6
тяста	6
ялга	6
2	5
3	5
l	5
nʲ	5
o	5
rʲ	5
sh	5
ават	5
алясь	5
аранж	5
арась	5
арьсек	5
ашель	5
бочканов	5
вайгельсь	5
валда	5
валкс	5
валса	5
вана	5
вастс	5
ве	5
виде	5
визде	5
вий	5
вирь	5
все	5
вяри	5
ды	5
илядень	5
кашт	5
каят	5
ки	5
кизоти	5
конань	5
кяль	5
кяльти	5
ломанть	5
лувода	5
мазыхть	5
мархтонза	5
мезень	5
меки	5
менельсь	5
мизевок	5
можна	5
мокшетне	5
мокшетнень	5
мольфтеви	5
мольхтяма	5
мордовиять	5
най	5
ней	5
ниле	5
ошса	5
паксяса	5
панчфт	5
пелян	5
поза	5
поэтть	5
пялькс	5
районца	5
саша	5
седиень	5
сергей	5
стакта	5
стирнят	5
стирьхть	5
сявф	5
сянгяря	5
сянкса	5
сёксе	5
так	5
танцтихть	5
татьяна	5
тевсь	5
теенза	5
тейст	5
тите	5
торама	5
тунда	5
тундань	5
тяк	5
тяфтак	5
удомс	5
уледе	5
фестивальса	5
фестивальсь	5
хилайсь	5
це	5
цёра	5
шитнень	5
шуди	5
щам	5
эрзякс	5
эрзяне	5
эрьда	5
эряй	5
эряма	5
эряф	5
эряфонь	5
якай	5
ёткса	5
17	4
30	4
31	4
u	4
азан	4
азор	4
ала	4
анна	4
апак	4
ару	4
архт	4
вал	4
валом	4
валсь	4
варжама	4
васенце	4
велеть	4
вельде	4
видеса	4
выставка	4
даже	4
днюхой	4
ердаф	4
же	4
журнал	4
журналсь	4
зубово-полянский	4
идень	4
инголе	4
инкса	4
институтса	4
к	4
кайгихть	4
кевнятне	4
келазсь	4
кельгомазе	4
киге	4
кинди	4
киньге	4
кирилловонь	4
ковылкинский	4
кой	4
корхтан	4
кофиять	4
крайняй	4
кувака	4
кулхцондат	4
кулхцондость	4
куля	4
кулят	4
кургоня	4
курокста	4
кштима	4
кядь	4
кяльсь	4
ламняс	4
ламода	4
ламос	4
лездома	4
лезды	4
лиси	4
ловня	4
ломанькс	4
лопа	4
любовь	4
мазыста	4
мазысь	4
марнек	4
мархтонт	4
марь	4
маштан	4
маштат	4
мезевок	4
мезьса	4
мзярдонга	4
михаил	4
модать	4
мокше	4
молят	4
мондине	4
моньге	4
морайхть	4
морама	4
мордовияв	4
моронь	4
мороть	4
мусть	4
мялезе	4
мярьгихть	4
на	4
налхкомс	4
нармонць	4
начка	4
няма	4
офта	4
п	4
панжи	4
пасиба	4
пачатне	4
печатень	4
пиземсь	4
питнец	4
пичесь	4
пичефкссь	4
покоди	4
праздникть	4
пряс	4
работан	4
равжа	4
рамамс	4
руз	4
сада	4
сак	4
саты	4
сать	4
седи	4
сетьме	4
сидеста	4
сизеф	4
стамсь	4
стирнясь	4
суронь	4
сянь	4
сёксень	4
тев	4
теень	4
тещтеда	4
типичнай	4
тонафнемс	4
туй	4
туян	4
тядянь	4
тяниень	4
тянь	4
тяштенясь	4
уледа	4
улель	4
улихть	4
улят	4
учан	4
ушедсь	4
ушеды	4
ф	4
фото	4
фотоса	4
цеберь	4
цера	4
церат	4
цёрась	4
что	4
шити	4
шитне	4
шкайсь	4
эди	4
эряфсь	4
эряфть	4
эх	4
ялганьке	4
ёню	4
ётка	4
0	3
15	3
25	3
28-це	3
4	3
500	3
8	3
9	3
d	3
e	3
v	3
ɕ	3
авгур	3
аделави	3
азондода	3
аймаконь	3
акша	3
алонь	3
алу	3
ансамблясь	3
анся	3
анцей	3
ардан	3
арьси	3
атюрьевский	3
ахахах	3
ашщи	3
ащеда	3
аяф	3
бахилатнень	3
башка	3
болду	3
бта	3
ваймозень	3
ваймосян	3
валдо	3
вальмазон	3
вальмязень	3
ванк	3
ваномок	3
вармати	3
васенда	3
васень	3
васта	3
вастова	3
везде	3
велесонк	3
веньберьф	3
вера	3
веть	3
вилеса	3
вина	3
всякай	3
выставкась	3
вярде	3
гож	3
д	3
ди	3
дима	3
дубенскийрайон	3
е	3
жизнесь	3
за	3
ивановна	3
ила	3
инжикс	3
ирина	3
казне	3
кайги	3
как	3
кандан	3
кандоза	3
капста	3
карматама	3
касы	3
ката	3
катось	3
катя	3
кафксть	3
кев	3
кельги	3
кельгомась	3
кельгсы	3
кепотькс	3
кефне	3
кече	3
кизода	3
кизонда	3
кизоня	3
кизоста	3
кизот	3
кирди	3
кис	3
коданга	3
кодане	3
конат	3
конашкава	3
контактса	3
корхтак	3
корхтамс	3
косат	3
котоцесь	3
краснослободскяй	3
кулясов	3
кулять	3
кучемс	3
куяр	3
кяленьке	3
кялец	3
кятть	3
лажадонь	3
лангозт	3
лангсон	3
лаца	3
ли	3
лиеда	3
локстинь	3
ломанцьке	3
ломаньда	3
ломаттнень	3
лопась	3
лувомс	3
люблю	3
мадонь	3
мазынят	3
максы	3
мала	3
мани	3
марто	3
мархтон	3
мархтот	3
машты	3
мекольце	3
менель	3
мзярс	3
мизярда	3
милосердие	3
миндейнек	3
мишендихть	3
мле	3
мокшаваня	3
мокшакс	3
монга	3
мор	3
морайсь	3
морасть	3
морась	3
мордва	3
мороста	3
моротнень	3
москуста	3
мумс	3
мяльне	3
мярьги	3
нармонь	3
нас	3
наступающим	3
николай	3
нозомс	3
няк	3
няфтемс	3
одксомтовсть	3
от	3
оцюня	3
очень-очень	3
очижить	3
павазу	3
паласа	3
панжевсь	3
панжихть	3
панчса	3
панчфне	3
пароказь	3
пачкоди	3
пель	3
перхляй	3
пиди	3
пингсь	3
поздравондасаськ	3
поколенияса	3
полафнят	3
прась	3
пси	3
путость	3
пяле	3
пялец	3
раиса	3
райононь	3
рузаевкань	3
рузкс	3
сазан	3
сайтть	3
саранскяень	3
саранскяи	3
саранскяйти	3
састь	3
света	3
светлана	3
седиезе	3
сенем	3
сисем	3
содамс	3
содасак	3
спасиба	3
стак	3
стукай	3
сувась	3
сявомс	3
сёрал	3
та	3
тавласа	3
танцтиста	3
таня	3
тжнайхть	3
тивсь	3
тиень	3
тихтяма	3
тоза	3
толик	3
только	3
топодемс	3
тоста	3
тундать	3
ты	3
тявок	3
тядяй	3
тядянь-алянь	3
тядясь	3
тястонь	3
тяфтамот	3
тячимс	3
тяштсь	3
тёждя	3
уже	3
улить	3
ульсть	3
ульцяв	3
ушедовсь	3
ушедсаськ	3
фке	3
фкясь	3
цефксне	3
циликин	3
шапакс	3
шарьхкодеви	3
шарьхкодян	3
шиня	3
ширде	3
шири	3
шистонза	3
школаста	3
школать	3
штоба	3
шумбрашиня	3
шуфта	3
щапне	3
эендамс	3
эздост	3
эрзян	3
эрявксты	3
эрямс	3
эряфське	3
эсон	3
эсонк	3
этношкола	3
это	3
эфироньконь	3
эфиртнэ	3
юмай	3
юмась	3
якань	3
якась	3
якать	3
якседа	3
якшам	3
ялгантенди	3
ярмак	3
ёмла	3
ёран	3
ётай	3
ётасть	3
ётафтови	3
ётафтовсь	3
05	2
06	2
07	2
10	2
12	2
14	2
158	2
20	2
2014	2
2015	2
33-це	2
5	2
5000р	2
7	2
73	2
88	2
club145476720	2
dʲ	2
j	2
mokshenj	2
tsʲ	2
tä	2
zʲ	2
ŋ	2
ʒ	2
ава	2
авась	2
аватне	2
авать	2
авторсь	2
админ	2
адядоя	2
азозе	2
азозь	2
азонды	2
азонтк	2
азонттама	2
азравкат	2
азы	2
азыхть	2
аксясь	2
аксёл	2
александр	2
алексей	2
алхт	2
алянь-тядянь	2
алят	2
алятне	2
анаево	2
андрей	2
андышть	2
анокат	2
аноконди	2
ануфриева	2
анцек	2
анюта	2
апрякан	2
арай	2
арам	2
арат	2
ардозь	2
ардомс	2
арды	2
аре	2
арьсиец	2
ассоциацият	2
ате	2
атерень	2
атерь	2
атясь	2
атёкш	2
афкуксонь	2
афолень	2
афоль	2
ашеде	2
ашезе	2
ашине	2
ашить	2
ащень	2
ащесть	2
ащихть	2
аяш	2
бабай	2
бабат	2
баснять	2
бесаме	2
билет	2
блять	2
больницяса	2
боярават	2
брындина	2
булдор	2
вайгель	2
вайгельса	2
ваймак	2
ваймамань	2
ваймоцень	2
ваксса	2
валовок	2
валцень	2
вальмясельмонц	2
ванан	2
ванат	2
ванода	2
ванома	2
ваномс	2
ванька	2
варя	2
васедема	2
васедеме	2
василий	2
васткасонт	2
вастонь-вастонь	2
васьфтемазь	2
ваттама	2
ведсь	2
ведьта	2
велезе	2
велезень	2
велезонт	2
венькарша	2
ви	2
вирeнь	2
вирьхть	2
вке	2
владивосток	2
владимир	2
володсь	2
воляс	2
вот	2
вроде	2
выставкать	2
вяре	2
газета	2
газетт	2
гайнинькань	2
гераськин	2
гибастос	2
госпремиянь	2
грамматикать	2
группаса	2
группась	2
грусть	2
грёбаный	2
денис	2
дяряй	2
ебнай	2
евангел	2
елканкса	2
ератама	2
ерямс	2
жа	2
жувата	2
журналонь	2
журналти	2
журналхт	2
заслуженнай	2
зато	2
золотась	2
зрнянь	2
зубуста	2
иван	2
игнатовань	2
из	2
изданиятненди	2
изень	2
илас	2
илатнень	2
илья	2
иля	2
илядец	2
илядня	2
инжиенди	2
инсарань	2
институса	2
интернетса	2
инцек	2
ирян	2
иттненди	2
ичалковскийрайон	2
ичкоздень	2
ичкозе	2
июльста	2
июньцта	2
йофкс	2
кадошкина	2
каземс	2
кази	2
кайгсть	2
кал	2
каладсь	2
калда	2
калхт	2
кальдявста	2
камва	2
канзер	2
каникуласта	2
карман	2
кармат	2
катозень	2
катоня	2
катт	2
кевня	2
кевонь	2
келазень	2
келес	2
кели	2
кельгама	2
кельгозь	2
кельмода	2
кельмоть	2
кельмоц	2
кеме	2
кенерят	2
кенярттяма	2
кепсихть	2
кептерьса	2
кешал	2
кизефтемс	2
кильгте	2
кинге	2
киндинге	2
кинень	2
кирдьсаськ	2
кирдян	2
кись	2
кить	2
ковсь	2
ковылкина	2
ковылкинаста	2
кодамовок	2
кодапт	2
козя	2
кой-коста	2
колган	2
коли	2
комментариянкса	2
комсь	2
копшашка	2
кортай	2
корхнихть	2
корхтада	2
корхтайхть	2
корхтама	2
корхтат	2
корхтатама	2
коське	2
кофиясь	2
краень	2
крайти	2
крайть	2
красавица	2
красавчик	2
краснослободскяйсь	2
красноярск	2
красявки	2
кржа	2
кудсан	2
куз	2
кузть	2
кулхцондома	2
кулхцондомс	2
кулхцондсаськ	2
кулхцонтк	2
кулхцонтт	2
культурань	2
куляста	2
кунардонь	2
кундама	2
кундамс	2
кургонят	2
курсовой	2
куци	2
куцю	2
кучкаса	2
кши	2
кялень	2
кяленьконь	2
кяльс	2
кяшал	2
ладяй	2
лажадан	2
лаймоть	2
ламбама	2
ламня	2
ланга	2
лариса	2
лауреатть	2
левжа	2
лезкс	2
лезттама	2
лембе	2
лемдяй	2
лемсна	2
лемть	2
лийхть	2
лисеманьконь	2
лисенди	2
лихтибря	2
лиякс	2
ловсь	2
ловть	2
ломанень	2
ломанць	2
лопаса	2
лотка	2
лофцсь	2
луви	2
лувиеньке	2
лугава	2
луганясо	2
лугась	2
лукань	2
людк	2
ляйсь	2
мадан	2
мазыши	2
мазышинц	2
мазышись	2
майть	2
макссихть	2
макссь	2
маластонь	2
малькин	2
маринатненди	2
мария	2
марняса	2
марстонь	2
марта	2
мартон	2
марьхть	2
маряк	2
масланцясь	2
масторса	2
масторсь	2
матт	2
маша	2
медень	2
медь	2
мезсь	2
мезьда	2
миньге	2
мира	2
мишенди	2
мода	2
модамарень	2
модамарь	2
модась	2
может	2
мокшавась	2
мокшане	2
мокшанка	2
мокшеда	2
мокшесь	2
мокшети	2
молема	2
молодежьмордовии	2
молять	2
монць	2
морат	2
морафтсь	2
моркш	2
моронкса	2
моротне	2
москувонь	2
москуть	2
мрдась	2
муви	2
музейса	2
музейсь	2
музыкась	2
муй	2
мушендсь	2
мърдафтсак	2
мыть	2
мялезт	2
мяльнень	2
мяльхнень	2
мяняльть	2
мярьган	2
мярьгондсть	2
наверно	2
наверное	2
надежда	2
налхкома	2
народ	2
настроения	2
наташкина	2
национальноевещание	2
неендеви	2
нестеровонь	2
нет	2
нигга	2
нижняй	2
ниньге	2
нолайне	2
номероц	2
носиковась	2
ну-да	2
нюрьхкяня	2
няемс	2
няеськ	2
няйсак	2
няйсь	2
някась	2
о	2
однесь	2
одонь	2
одть	2
оду	2
олег	2
орловать	2
орфографическяй	2
оцюдонга	2
очижи	2
ошева	2
ошсонк	2
ошсь	2
п3600	2
пcьмар	2
павазцень	2
паксят	2
паксять	2
пакш	2
пакшень	2
палаткина	2
памятник	2
памятниксь	2
панжан	2
панжемась	2
панчфнень	2
панчфонь	2
пардон	2
парень	2
парста	2
пачк	2
пачкодсь	2
пеле	2
пелес	2
пелькс	2
пензаса	2
песня	2
пефтома	2
пизепне	2
пизи	2
пизонянтень	2
пильгезэть	2
пингонь	2
пингоц	2
пинень	2
питнефтома	2
питни	2
пичай	2
пичеде	2
пичефкснень	2
пичпанда	2
повсь	2
пока	2
покодемань	2
покодихне	2
полады	2
полафтомс	2
полгать	2
поляна	2
порапа	2
почф	2
почфт	2
поэзиянь	2
правдать	2
праян	2
программась	2
программац	2
прокуратурась	2
пряса	2
пряцень	2
псьмаркуд	2
пуводы	2
пулоц	2
пуромкс	2
пусма	2
путин	2
пъсьмар	2
пъсьмаркуд	2
пяли	2
р-н	2
работаса	2
работат	2
районсь	2
районць	2
рамань	2
рана	2
рахсень	2
раххси	2
рашкиясь	2
раштайсть	2
рая	2
рдкса	2
республика	2
республикань	2
роман	2
роштувать	2
руболь	2
рузокс	2
руслан	2
русне	2
рьвакс	2
сав	2
сави	2
сайгашкин	2
сайтоньконь	2
сайтса	2
салава	2
салай	2
салу	2
саль	2
самара	2
самогон	2
сандор	2
сатфкст	2
сашенды	2
светлая	2
седистон	2
седись	2
седить	2
сембодонга	2
семботь	2
сенемаза	2
сери	2
серматфт	2
сими	2
симонь	2
служба	2
сода	2
содасазь	2
содасан	2
содасасть	2
содасаськ	2
содатада	2
содафтомс	2
соньге	2
спасибо	2
сраннее	2
ста	2
сталмось	2
станяк	2
старошайговскийрайон	2
стернят	2
стиреньке	2
стирнятне	2
стирнять	2
стирти	2
стихонза	2
сувада	2
сувай	2
сувседа	2
ськамон	2
ськамост	2
ськамот	2
сюконятама	2
сюра	2
сюце	2
сява	2
сявась	2
сявать	2
сявк	2
сядо	2
сякокс	2
сяпе	2
сяськови	2
сяськомань	2
сятьме	2
сёксендавок	2
сёксеть	2
сёра	2
сёрмадомс	2
сёрмадыхть	2
сёрматне	2
тазане	2
таньф	2
таньцтиста	2
таргай	2
тарксесак	2
татар	2
театрав	2
театраса	2
тевне	2
тевнятне	2
тевонте	2
тевоньте	2
тевса	2
тевть	2
тееть	2
теждя	2
тейтерть-какат	2
тейтерть-эйдть	2
тени	2
терди	2
терттядязь	2
тещтема	2
тещтят	2
ти	2
тиеда	2
тиемс	2
тиенди	2
тиись	2
тиньц	2
тишетне	2
тишеть	2
тият	2
тне	2
тов	2
тогда	2
тонафнема	2
тонафнихне	2
тонафнихнень	2
тонафтан	2
тонцьке	2
тоньфтомот	2
топодемати	2
торай	2
торамась	2
точно	2
траксонь	2
трваса	2
тума	2
тумс	2
тунданя	2
тунь	2
тушендонь	2
туят	2
тюжя	2
тядя	2
тядязень	2
тядяце	2
тяка	2
тяла	2
тялонь	2
тяльме	2
тямак	2
тясовок	2
тясть	2
тяштемс	2
тяштеня	2
тяштине	2
тяштихть	2
тяштсть	2
тяштьф	2
тяштьфтемась	2
тяштьфтемс	2
тящтят	2
уварен	2
удома	2
уды	2
ужяльдема	2
укв	2
улемс	2
уленди	2
ульцяса	2
улян	2
утверждение	2
учакс	2
участия	2
учат	2
учит	2
учихть	2
ушедомс	2
фаль	2
фестиваль	2
фестивальть	2
фкат	2
фотокув	2
фотокярькс	2
фсем	2
фёдор	2
хилайть	2
хули	2
цал	2
цалковай	2
церась	2
церя	2
церят	2
циберь	2
циликинонь	2
цёфкссь	2
чиндяново	2
чтоб	2
чудь	2
шабатненди	2
шава	2
шави	2
шапама	2
шаромс	2
шарондат	2
шарьхкодихть	2
шарьхкодьсак	2
шахматса	2
шачемашиц	2
шачень	2
шачсь	2
шинец	2
шинясь	2
шис	2
шкаень	2
шкайти	2
школа	2
шнамс	2
шобдавась	2
шонгарям	2
шоряй	2
штамс	2
шувомс	2
шудерькс	2
шумбраняста	2
шумбратад	2
шяйтан	2
шять	2
щавай	2
щамонь	2
щас	2
эзга	2
эйзюра	2
эльбодень	2
эняльдян	2
эрей	2
эрек	2
эрзянка	2
эрьгя	2
эряйхть	2
эряк	2
эрят	2
эряфса	2
эряфсот	2
эфирса	2
эфирть	2
эфиру	2
эшеляма	2
юкстайне	2
юля	2
юмать	2
юмафтса	2
юра	2
юрец	2
юрий	2
якамок	2
якамс	2
якан	2
якат	2
якшама	2
ялгай	2
ялганьконь	2
ялгаце	2
ям	2
ярмакть	2
ярхцань	2
ёрай	2
ёраса	2
ёрат	2
ёратада	2
ётафтома	2
ётконь	2
ётконя	2
ёткть	2
ёфкст	2
00	1
000	1
00р	1
01	1
03	1
04	1
08	1
10-це	1
100	1
101-це	1
125-кизонь	1
13	1
133	1
13регион	1
14к	1
165-кизонь	1
1914	1
198	1
1и	1
2-це	1
200	1
2008	1
2009	1
2009-5	1
2013	1
2016	1
2017	1
204	1
21	1
21сентябряконститукиямордовии	1
23	1
24	1
242	1
27-це	1
27марта	1
29	1
30-це	1
300	1
4-це	1
45	1
50-60	1
6	1
67	1
6в	1
6ицькн	1
74	1
9часов	1
ala	1
artcafe	1
awards	1
cafe	1
cяс	1
denis	1
g	1
kesä	1
lx	1
moksheks	1
mordovia	1
mp4	1
music	1
naoki	1
nj	1
oliver	1
russian	1
saj	1
samats	1
saransk	1
sattanza	1
tic	1
tmw	1
turizmrm	1
ulsk	1
ulyanovsk	1
ulyanovsk_life	1
valftoma	1
veden	1
vk	1
world	1
ä-це	1
ω	1
ааааф	1
абхазияса	1
авада-павада	1
авакай	1
аванесь	1
аванясь	1
аванятне	1
авардема	1
авардемац	1
авардень	1
авардян	1
аваръия	1
авати	1
аватненди	1
аве-прелесть	1
аверкиной	1
автобузст	1
автобузты	1
автобусса	1
автомат	1
автороньке	1
авторс	1
авторть	1
ага	1
агеева	1
адаж	1
адажга	1
адажень	1
адашево	1
аделяково	1
администрациягорода	1
админты	1
адмэноньке	1
адрес	1
аергодонь	1
аж	1
аза	1
азахааз	1
азбука	1
азк	1
азксонза	1
азкст	1
азмос	1
азоват	1
азовомшка	1
азода	1
азолень	1
азома	1
азоманкса	1
азомста	1
азондан	1
азондови	1
азондса	1
азондсазь	1
азондсайне	1
азондсы	1
азондсь	1
азондыне	1
азорава	1
азорондомс	1
азравка	1
азса	1
азсасть	1
азсаськ	1
азсы	1
азф	1
азфт	1
азыть	1
айда	1
аймак	1
аймаконяса	1
аймакса	1
аймакста	1
аймакть	1
акоса	1
аксенова	1
акшенц	1
акшеня	1
алалама	1
аламо	1
алашаса	1
алга	1
алезенди	1
алекс	1
александрович	1
александрти	1
ализе	1
алина	1
алнень	1
алонза	1
алхне	1
аль	1
аля	1
алязе	1
аляка	1
алякс	1
алямкина	1
алятьненди	1
ан-24	1
анайхть	1
анама	1
анастасия	1
анатолльну	1
ангельскай	1
английскяй	1
англо-рузонь	1
андови	1
андодязь	1
андомайть	1
андыхть	1
аникина	1
аниматорысаранск	1
аннексировали	1
аннетяма	1
аннук	1
аноклаензонды-нолдаензонды	1
аноклай	1
аноклакшнень	1
аноклама	1
анокламанкса	1
анокламац	1
аноклатада	1
аноклатама	1
аноклаф	1
аноцентринициатива	1
анс	1
ансамбль	1
ансамбльхть	1
ансяк	1
антонниконов	1
антоновкат	1
анцяйняньбес	1
анцяк	1
аньцей	1
аньцяйняньбес	1
аньцяк	1
аня	1
апрeльть	1
апрельста	1
аптека	1
аравиять	1
арайхть	1
аралаеньконь	1
аралама	1
араласть	1
арбузовка	1
ардатовав	1
ардатовскийрайон	1
ардомась	1
ардомбачк	1
ардонь	1
ардыхнень	1
арзяня	1
армас	1
армияса	1
арнема	1
арнет	1
арнихть	1
арнолди	1
арнольда	1
арт-вижн	1
артем	1
артисткась	1
арткафе	1
арткафемаска	1
артфреш	1
артюховича	1
артём	1
арудонга	1
архтомс	1
арьсе	1
арьседа	1
арьсеманза	1
арьсемат	1
арьсемкасна	1
аряда	1
асвальт	1
асетрат	1
асташин	1
аськолкс	1
аськоляй	1
атерть	1
атказа	1
атласова	1
атмосферась	1
ато	1
ату	1
атюревский	1
атюрьевскяй	1
атядон	1
атязень	1
атякш	1
атякшне	1
атякшсь	1
атям	1
атямкс	1
атямсь	1
атямъёнгсь	1
атят	1
атят-бабат	1
атятне	1
атяшевскийрайон	1
аудиоформатса	1
аутентика	1
афламняс	1
афолесть	1
афолеть	1
афоли	1
афпек	1
ах	1
ахкснихть	1
ахуительно	1
ахуительный	1
ацавсь	1
ацамков	1
ацан	1
ацаф	1
ашелень	1
ашелеть	1
ашене	1
ашеть	1
ашкодсть	1
ашкордась	1
ашнь	1
ашуса	1
ашушись	1
ащан	1
ащат	1
ащемав	1
ащефсь	1
б	1
бабазе	1
бабазенди	1
бабанетне	1
бабаньке	1
бабанясь	1
бабанятнень	1
бабась	1
бабати	1
бабатня	1
бабацень	1
бабосики	1
багира	1
базар	1
базару	1
бай	1
баймакса	1
балбес	1
балтославянско-финский	1
бандитса	1
бандитт	1
баняв	1
баняда	1
барашкин	1
барышня-крестьянка	1
басня	1
баттхёрт	1
башкирхневок	1
баярава	1
бди	1
беееееездай	1
безума	1
беларусов	1
белок	1
белэ	1
березенцева	1
березникса	1
библиотекать	1
библиотексаста	1
билетт	1
билиове	1
биологиянь	1
благодарю	1
благодать	1
благословение	1
бльняй	1
блюдасна	1
боецта	1
боза	1
бозась	1
бокста	1
бомбовай	1
боран	1
ботинканень	1
бпан	1
брадозень	1
брадоцвасяерцкин	1
брат	1
братиш	1
братишка	1
братке	1
братсь	1
браць	1
брянск	1
бславафть	1
будто	1
будущай	1
букат	1
букваса	1
бы	1
быди	1
бэ	1
вeдарка	1
вeдь	1
вeнeмоль	1
вáдентьк	1
вáи	1
вáйме	1
вáймось	1
вáлса	1
вае	1
вазь	1
вазьфтома	1
ваи	1
вайвелезонц	1
вайвелезоц	1
вайвялезень	1
вайгeльськe	1
вайгельбет	1
вайгельхть	1
вайгяль	1
вайгяльс	1
вайгяльсна	1
вайгяльхть	1
ваймават	1
ваймада	1
ваймамс	1
ваймафтте	1
вайместь	1
вайми	1
ваймозе	1
ваймозон	1
ваймоня	1
ваймос-пряс	1
ваймосе	1
ваймосема	1
ваймосемань	1
ваймосихть	1
ваймоснон	1
ваймосон	1
ваймось	1
ваймот	1
ваймоть	1
вайсь	1
вакса	1
вакскава	1
ваксс	1
вакссонат	1
вакссот	1
ваксста	1
ваксстонь	1
валги	1
валгсь	1
валгуж	1
валдава	1
валдася	1
валдоптсы	1
валдопты	1
валдуша	1
валейкум	1
валентина	1
валерия	1
вали	1
валксса	1
валкссь	1
валксь	1
валмора	1
валне	1
валняда	1
валозь	1
валомнэ	1
валонзон	1
валонь	1
валоньке	1
валрисьмоса	1
валсонт	1
валт	1
валти	1
валтт	1
валфтома	1
валхня	1
валхтыне	1
валы	1
вальмалонк	1
вальмя	1
вальмять	1
вандализма	1
вандалисма	1
вандысь	1
ванозь	1
ваномо	1
ванондозь	1
ванондомс	1
ванондыхть	1
ванонь	1
ваноськ	1
ванстынк	1
ванф	1
ванфне	1
ванфни	1
ванфтомаса	1
ванфтыец-аралаец	1
ванцайне	1
ванцак	1
ванцаськ	1
ванцы	1
ваны	1
ваныне	1
варжак	1
варжакснек	1
варжакстсь	1
варжакстт	1
варжаксты	1
варжамс	1
варма-	1
вармакс	1
варманясь	1
вармась	1
вармать	1
варчаськ	1
варчсе	1
варьхмодемать	1
варяги-русь	1
варящая	1
вас	1
васeнцe	1
васeттяма	1
васбфтыйнь	1
васе	1
васедемаса	1
васедемась	1
васедемац	1
васеконь	1
васенцеда	1
васенцекс	1
васенцетне	1
васенцетнень	1
васетькшнемать	1
васетькшнесь	1
васецеда	1
васильевич	1
васильевна	1
васильевнати	1
васне	1
васст	1
вастан	1
вастокс	1
вастонди	1
вастонц	1
вастоньке	1
вастть	1
вастце	1
васть	1
васце	1
васькафне	1
васьфневи	1
васьфтемак	1
васьфттянза	1
васясь	1
ваткат	1
ватракшть	1
ватт	1
ваць	1
вача	1
вачкиeф	1
вачочись	1
вачсь	1
вашыне	1
ваямать	1
ваясь	1
ведаркас	1
ведень	1
ведешь	1
ведня	1
ведняда	1
ведняти	1
ведти	1
ведьге	1
ведьс	1
ведявань	1
везёт	1
вела	1
велева	1
велезон	1
велемьсь	1
веленязе	1
веленять	1
велеряенц	1
велеряйхне	1
велесолень	1
велетне	1
вели	1
велса	1
вельф	1
вельфке	1
вельхксса	1
вельхтявсь	1
вельхтязе	1
веляфты	1
веляфтыхть	1
венгеронь	1
венгрань	1
венгрияса	1
венепть	1
венче	1
венчезе	1
веньке	1
вержить	1
вернее	1
верный	1
вернясь	1
верондамацевок	1
веселайня	1
весенняя	1
весть	1
весь	1
весьтеньге	1
весяла	1
весёлайня	1
весёлыймордвинёнок	1
вете	1
ветецесь	1
ветиезэ	1
веченась	1
вечкевикст	1
вечктядысь	1
вешемс	1
вешенди	1
вешендихне	1
веши	1
вешк	1
вешсть	1
вешфкснень	1
взаимно	1
вздыхла	1
взяль	1
взять	1
видеваймот	1
видекс	1
видемац	1
виденяста	1
видео	1
видеста	1
видеце	1
видешиcь	1
видешинь	1
види	1
видьметне	1
видюхи	1
видянесь	1
виенц	1
виздемс	1
визди	1
виздян	1
визништ	1
визьде	1
визьдищть	1
визьдян	1
визькс	1
виись	1
вийнят	1
вийхть	1
википедиесь	1
вилеть	1
винась	1
вирдян	1
вирень	1
вирня	1
вирнясь	1
вирсь	1
вирть	1
виртян	1
вирусню	1
вирьнень	1
вирьсонок	1
вирьхнень	1
вирява	1
вирявать	1
виряз	1
вискаста	1
виссарионович	1
висть	1
висяла	1
витькать	1
вишилгавтомс	1
вишкинестэ	1
вконтакте	1
владимиро-ростовское	1
владимирович	1
внутри	1
во	1
вобщем	1
возможн	1
войнань	1
волга-река	1
волгапино	1
волгась	1
волгать	1
волге	1
волнат	1
володесь	1
володя	1
волонтерокс	1
воронина	1
воскресенье	1
восхищающая	1
времац	1
врима	1
встречающий	1
всё	1
вторая	1
вфмс2017	1
вфмс73	1
вцв	1
вцентревнимания	1
выеживаются	1
выздороветь	1
выиграла	1
выпусконттень	1
высыпаться	1
вязовая	1
вяйсянен	1
вятемака	1
вятемасна	1
вятемс	1
вятиец	1
вячеслав	1
г	1
гагарин	1
гаджетстонза	1
газетань	1
газетаса	1
гайняй	1
гайфтемс	1
гальцев	1
галя	1
гандонфтома	1
гастясы	1
гербер	1
гербоньке	1
гетарсь	1
гибдд-нь	1
гимнать	1
главнайсь	1
гладиолосы	1
гласнайсь	1
гневец	1
говорить	1
говришь	1
гоголень	1
годста	1
гожста	1
голову	1
головы	1
голуби	1
городсаранск	1
горьняй	1
госавтоинспекциясь	1
господя	1
готоващтяда	1
готовондаде	1
грайма	1
грамотеевок	1
грамотеи	1
грех	1
гроздья	1
группав	1
группазонт	1
группаньконь	1
группати	1
группатти	1
грустящая	1
гулянгас	1
гуляндасть	1
гумны	1
давай	1
давайте	1
давол	1
дагестанецт	1
дамир	1
данил	1
данилова	1
даншино	1
даньшино	1
дарова	1
дарю	1
движ	1
дворeцса	1
декабрти	1
делардж	1
делат	1
деловой	1
демиурги	1
демократияса	1
демократиять	1
дене	1
денежка	1
день	1
деньгосударственногофлагароссии	1
деньмолодежи	1
деньмордовии	1
деньрождения	1
державная	1
держательница	1
детивойны	1
детскийпраздник	1
дехонькинаса	1
диана	1
дивандазь	1
дивандась	1
дивандафтомс	1
дивеевка	1
диктант	1
диктантсь	1
дисккотека	1
дневной	1
днк	1
днём	1
добавляемся	1
добросердечный	1
добрыедела	1
добувась	1
довыебывался	1
долбаеб	1
доллорс	1
дорофеевонь	1
досл	1
достаточный	1
дочь	1
драмань	1
драники	1
древности	1
дроботенко	1
друзья	1
дубнаса	1
думандайхть	1
думандан	1
дурнов	1
души	1
дядезе	1
ебата	1
ебать	1
евондасть	1
европань	1
егорович	1
ездост	1
ей	1
екнай	1
елена	1
елкась	1
елкать	1
ельниковскяй	1
ельниковцам	1
ельцин	1
емланятнень	1
енец	1
еннай	1
епт	1
ерасть	1
ерат	1
еремеев	1
еропеоидности	1
еряда	1
ерян	1
еряш	1
если	1
есть	1
етай	1
етась	1
етафтомась-	1
етафтофи	1
етафтфт	1
етафцасть	1
етка	1
еткть	1
ефкс	1
еще	1
жабань	1
жданный	1
желтоводский	1
жерафе	1
живучая	1
живучий	1
жигулёвск	1
жительте	1
жмотярась	1
жоль	1
жольфсь	1
журналда	1
журналистть	1
журналоньке	1
журналу	1
завидец	1
заголовкатьке	1
задроченный	1
заеб	1
заебандась	1
зайця	1
зайцясь	1
закаленай	1
закрытыйпоказ	1
залуппат	1
запрягающий	1
зарясь	1
засветился	1
засл	1
захар	1
захват	1
зацените	1
защитника	1
звукорежиссёр	1
здаровьеце	1
здоровьянкса	1
земляк	1
значит	1
зоаебок	1
зойф	1
золотань	1
золотарёвскоегородище	1
зомби-народа	1
зубово	1
зубово-полянань	1
зубово-полянась	1
зубово-полянски	1
зубово-полянском	1
зубово-полянскяй	1
зубоса	1
зуботь	1
зубу	1
зыбкина	1
зярдо	1
зяросо	1
ивакинась	1
игрушкать	1
иденц	1
иденьке	1
иднень	1
иднязе	1
иднянте	1
идькс	1
идьснонды	1
иес	1
ижоралайн	1
изданиять	1
изиещерьхкодь	1
икелень	1
илась	1
илати	1
илатненди	1
илац	1
илаяфттядязь	1
иле	1
илебеж	1
илебежти	1
иль	1
ильтян	1
иляденди	1
илядне	1
илядсь	1
иляды	1
илякс	1
имарте	1
имбода	1
имена	1
именна	1
инe	1
ингатовань	1
инголe	1
инголькиге	1
индексоц	1
индексоц-	1
индузт	1
инезида	1
инезиень	1
инечинек	1
инзама	1
инзарань	1
инкеройн	1
инксонок	1
инна	1
иннань	1
иностранныйхть	1
инсара	1
инсараса	1
инсарать	1
инсарскийрайон	1
интерестнайсь	1
интерестно	1
интересует	1
интернетаса	1
интернетонь	1
интернетс	1
интернету	1
информациять	1
ион	1
иосиф	1
ип	1
ипотека	1
ирей	1
иретьфни	1
ирецта	1
иряви	1
ирят	1
исаева	1
исапря	1
искусства	1
искусство	1
исполком	1
исполкомонь	1
исса	1
истеест	1
история	1
историяса	1
истя	1
истя-жо	1
ись	1
исякокс	1
исяконя	1
исяксь	1
итнень	1
итть	1
ифеврале	1
ихть	1
ичалки	1
ичкози	1
ищу	1
йошкар-олать	1
йрэ	1
кeняртькшнeма	1
кeчeста	1
кавтово	1
кагод	1
када	1
кадан	1
кадейкинонь	1
кадк	1
кадозь	1
кадомс	1
кадошкинаста	1
кадошкинась	1
кадсайть	1
кадсаськ	1
кады	1
кадыть	1
кадышева	1
казеде	1
казезе	1
казентть	1
казиняй	1
казнеть	1
казнянкса	1
казяма	1
кайтян	1
какая-же	1
какт	1
калгода	1
калевала	1
калмот	1
калмыкэнь	1
калняда	1
каль	1
кальдяв	1
кальдявонди	1
кальдявс	1
кальдявть	1
кальдяфт	1
кальнесь	1
камера	1
камешек	1
камешки	1
камни	1
кампотта	1
каналонь	1
кандомс	1
кандсак	1
кандыхть	1
канешно	1
каникулат	1
каннекшнесть	1
кантф	1
канцы	1
канюва	1
канява	1
канёва	1
капейки	1
капитальнай	1
каплища	1
каплищей	1
каподьсак	1
капризный	1
капстань	1
капшев	1
карай	1
караоке	1
каргашино	1
карда	1
кардаз	1
карденя	1
кармась	1
карматад	1
карматада	1
картина	1
картинкать	1
карточкантень	1
каруфневок	1
карша	1
каршек	1
каршес	1
каршеса	1
каршесонза	1
карьхцьне-расхоттне	1
каса	1
касоза	1
касома	1
касондоза	1
касондсь	1
касонды	1
кассь	1
кастусь	1
кастуша	1
кастылса	1
кастясь	1
касфтомс	1
касфты	1
касыхть	1
катенька	1
кати-кие	1
кати-ков	1
кати-меень	1
кати-мес	1
каткт	1
катламинать	1
катляснон	1
катозе	1
катоньке	1
катонясь	1
катонят	1
катонять	1
катотне	1
катц	1
кать-куване	1
кафе	1
кафедральныйсобор	1
кафемаска	1
кафксоце	1
кафонек	1
кафтова	1
кафтонь-крда	1
кафцке	1
кафцьке	1
кацятов	1
качамти	1
кашан	1
каштазсь	1
кашторда	1
каштортт	1
каяда	1
каяй	1
каяйне	1
каян	1
квжнай	1
квитанциятне	1
кднь	1
кевнят	1
кеворькс	1
кеворян	1
кевти	1
кевть	1
кедьс	1
келенкань	1
келеньконь	1
келихть	1
келуня	1
келунять	1
кельгат	1
кельгине	1
кельгихненди	1
кельгихтень	1
кельгови	1
кельговикс	1
кельговикснень	1
кельговиксокс	1
кельгода	1
кельгомазень	1
кельгоманц	1
кельгомань	1
кельгомати	1
кельгомать	1
кельгомда	1
кельгомот	1
кельгомс	1
кельгсазь	1
кельгсайне	1
кельгсь	1
кельгте	1
келькса	1
кельксазь	1
келькте	1
кельктя	1
кельмоза	1
кельмоса	1
кельмось	1
кельса	1
кельста	1
кельсэ	1
кельсэнть	1
кельхтян	1
кемгафтува	1
кемомс	1
кемонь-10-	1
кемот	1
кенардян	1
кенере	1
кенерема	1
кенерьф	1
кенкш	1
кенкшезонк	1
кенорда	1
кенордамс	1
кенярдема	1
кеняркс	1
кенярь	1
кенярькшнек	1
кенярьсь	1
кенярьфтесть	1
кенярьфти	1
кеподи	1
кеподсь	1
кепотьксондьи	1
кепсесазь	1
керень-чочконь	1
керозь	1
керомс	1
керсазь	1
керсихнень	1
керф	1
керхтанза	1
кетть	1
кефир-пила	1
кефт	1
кечай	1
кечет	1
кечина	1
кечуш	1
кешалнаса	1
кзняй	1
кивать	1
киекс	1
киень	1
кизать	1
кизефне	1
кизефнема	1
кизефнян	1
кизефтезь	1
кизефтонь	1
кизефтьк	1
кизо	1
кизонди	1
кизонесь	1
кизоняньке	1
кизонясь	1
кизось-	1
кильдюш	1
кильма	1
кильме	1
кин	1
киндиге	1
кинось	1
киноть	1
кинц	1
кинява	1
кинявок	1
кинякин	1
кинят	1
кипраста	1
кирдеви	1
кирдема	1
кирдемс	1
кирдемс-кардамс	1
кирдемшказьге	1
кирдьсак	1
кирдява	1
кирдяшкина	1
кирже	1
кири-ландяй	1
киселева	1
кисонза	1
кистон-янцтон	1
кистонкаф	1
киськсь	1
кит-ятт	1
китаем	1
китап	1
китне	1
китнефтьса	1
китькскя	1
кишечникть	1
киякс	1
киян	1
кл	1
класса	1
климова	1
клохт	1
клубса	1
кльхтяда	1
км	1
книга	1
книгать	1
книгац	1
ковол	1
коволть	1
коволхт	1
ковонь	1
ковти	1
ковш	1
ковылкенскеи	1
ковылкинав	1
ковылкинскай	1
ковылкинскей	1
ковылкинскяй	1
когда	1
кодай	1
кодамо	1
кодамоль	1
кодамс	1
кодана	1
коенть	1
кожфса	1
козк	1
козовок-	1
козяста	1
козяшись	1
кой-	1
кой-кона	1
кой-мезе	1
койсон	1
кокетливая	1
кол-во	1
колайне	1
колайне-вайвелезонц	1
коламать	1
колапась	1
колапась-аф	1
колганза	1
колганк	1
колгат	1
коле	1
коллась	1
коллектифнень	1
колмоксть	1
колопино	1
колсе	1
колсихть	1
колыхаться	1
команданьконь	1
комотемс	1
композиторва	1
компьютерда	1
компьютерса	1
комсомолти	1
конакокс	1
конатне	1
конатнень	1
конатс	1
конац	1
кондясти	1
конечно	1
конеша	1
конкурсонтте	1
коннии	1
константиновна	1
контл	1
контрл	1
конференция	1
концерт	1
концертсь	1
конёвкс	1
копит	1
копорь	1
копорьстон	1
копорят	1
коре	1
кореной	1
корнихть	1
корож	1
кортамо	1
кортась	1
корхнемста	1
корхнян	1
корхтайть	1
корхтайщть	1
корхтамась	1
корхташть	1
космоволшебник	1
косоге	1
косок	1
косолеть	1
косот	1
косотада	1
косте	1
костоннят	1
кота	1
котов	1
котова	1
котоцесь_	1
котфкя	1
кофиянь	1
кофияста	1
кофне	1
коцай	1
кочетовка	1
кочкаван	1
кочкавсь	1
кочкак	1
кочкамаса	1
кочкафт	1
кочксан	1
кочксеви	1
кочксесазь	1
кочксесь	1
кочкурбуесь	1
кочкуровскийрайон	1
краеведческяй	1
краезон	1
крайганза	1
крайняв	1
крайста	1
крандазти	1
красавицат	1
красапэт	1
красивая	1
краскх	1
краснослободск	1
краснослободского	1
краснослободскяи	1
красотародногокрая	1
крга	1
крестныйход	1
крещенияста	1
кригин	1
крик	1
крокозябры	1
кроме	1
крррррррасотень	1
кругса	1
кружкас	1
крхка	1
крхкаста	1
крым	1
крёзозень	1
крёскя	1
крёстот	1
кувалгавтсак	1
куд	1
кудатне	1
куднац	1
кудозень	1
кудозонт	1
кудрявай	1
кудс	1
кудста	1
кудце	1
кудцень	1
куженяса	1
куженясь	1
кузнясь	1
кузнять	1
куклачёв	1
кукорясь	1
кула	1
кулан	1
кулдор-калдор	1
кулезе	1
куленде	1
кулесть	1
кулихть	1
кулома	1
куломась	1
кулофтсак	1
кулуфт	1
кулхцандамаснон	1
кулхцендомс	1
кулхцондсть	1
кулхцондыйнь	1
кулхцонк	1
кулхцонттама	1
кулхцонцы	1
кулы	1
культураснон	1
культурть	1
кулясовонь	1
кулясонт	1
куляти	1
куляфтома	1
кунара-кунара	1
кундаде	1
кундамак	1
кундамат	1
кундань	1
кундать	1
кундатядязь	1
кундашть	1
кунцесь	1
кунчка	1
купавнаса	1
курендамс	1
куроконе	1
куронесь	1
куроса	1
курташки	1
курьксни	1
кусс	1
куфксты	1
куфсемат	1
куфцесь	1
кухлцонтама	1
куцан	1
куцьфнине	1
куцюзе	1
кучесть	1
кучить	1
кучихть	1
кучкаковть	1
кучкас	1
кучкац	1
кучсян	1
кучтядязь	1
куяй	1
куярняда	1
куярнят	1
куяронзон	1
куяронь	1
куяфтомс	1
кфчяди	1
кшиня	1
кшистон	1
кшись	1
кшитне	1
кштии	1
кштий-морай	1
кштимат	1
кштимонга	1
кштирди	1
кштисть	1
кштифти	1
къда	1
кырм-няш-мяш	1
кыс-кыс	1
кяверькс	1
кядезон	1
кядезонза	1
кядезонт	1
кяденьбецек	1
кядня	1
кядса	1
кядста	1
кядцень	1
кядьгоня	1
кядьс	1
кядьсон	1
кядьсост	1
кядьта	1
кяж	1
кяжда	1
кяжень	1
кяжи	1
кяжиста	1
кялeнь	1
кялд	1
кялезень	1
кялец-валоц	1
кялть	1
кяльда	1
кяльнять	1
кяльснон	1
кяльсовок	1
кяльста	1
кяльхть	1
кяльцень	1
кярьмазсь	1
кярьмаст	1
кяскавня	1
кясьса	1
кяттнень	1
кяшевсь	1
кяшемак	1
кяшендемс	1
кяшса	1
кяшт	1
кяшфста	1
лeмтьф	1
лааааамос	1
лаборкс	1
лаборксоц	1
лабутенаса	1
лава	1
ладямонза	1
ладян	1
ладяф	1
ладяфоль	1
лажада	1
лажадат	1
лажадоме	1
лажадсь	1
лажадынек	1
лазондсайть	1
лай	1
лайкните	1
лаймарень	1
лаймарина	1
лаймарь	1
лаймарьсь	1
лаймонясь	1
лаймоста	1
лаймось	1
ламбамнять	1
ламбамть	1
ламо	1
ламоняс	1
ламось	1
ланган	1
лангозон	1
лангозонза	1
лангозонт	1
лангсо	1
лангста	1
лангу	1
лапиятад	1
лаподьсак	1
ластатненнь	1
ластя	1
ласьк-фталу	1
ласьки	1
ласьконди	1
ласьконлема	1
лата	1
латвийцев	1
лафту	1
лафча	1
лацот	1
левож	1
легковойсь	1
лездода	1
лездоманкса	1
лезксокс	1
лезксонте	1
лезтт	1
лем	1
лемдсь	1
лемдясыть	1
лемняц	1
лемозон	1
лемозонт	1
лемонц	1
лемстон	1
лемсэ	1
ленатненди	1
ленин	1
лентазо	1
лепию	1
лесенка-кустема	1
лесинди	1
лесной	1
лессбийская	1
лефкс	1
лецемасть	1
лиезь	1
лиемс	1
лиенди	1
лиендсть	1
лии	1
лиихть	1
лилипутские	1
лилия	1
лимце	1
линяяса	1
лир	1
лисапедозевок	1
лисе	1
лисеманц	1
лисемать	1
лисемс	1
лисендемс	1
лисень	1
лисить	1
лисихть	1
лись	1
лисян	1
лисят	1
литератураньке	1
лифськодат	1
личкав	1
лишнай	1
лиянь	1
лиятнень	1
лобаски	1
ловнякс	1
ловонкса	1
ловонь	1
ловфтома	1
ловца	1
ловцо	1
локстись	1
локша	1
ломакина	1
ломаненьке	1
ломаненьтень	1
ломаньдя	1
ломаньс	1
ломатненди	1
ломачкина	1
лопанянзон	1
лопат	1
лопатнень	1
лоткама	1
лоткамс	1
лоткасьть	1
лоткс	1
лоткса	1
лотксек	1
лофцонь	1
лофцтонза	1
лофцу	1
лочай	1
лувинь	1
лувихть	1
лувкс	1
лувома	1
лувоматне	1
лувоматнень	1
лувоме	1
лувондома	1
лувонды	1
лувость	1
луганьке	1
луганяса	1
лугаськова	1
лунон	1
лцот	1
лытама	1
люба	1
любаньконь	1
любаняй	1
любать	1
любимый	1
люблиноста	1
люпштак	1
лядан	1
лядинские	1
лядс	1
лядсь	1
лядыкс	1
лядысь	1
лядян	1
ляезт	1
ляень	1
ляйнь	1
ляйньке	1
ляйнят	1
ляйса	1
ляйсонк	1
ляйть	1
ляки	1
лямбирень	1
лямбонц	1
лямбонь	1
лямбонянц	1
ляпомома	1
ляткшнихть	1
лятфтави	1
лятфтан	1
м-5	1
мeдь	1
мeзьса	1
мeнeльти	1
мавшань	1
магазинса	1
мадамс	1
мадозь	1
мадондсть	1
мадонды	1
мадсь	1
мады	1
мадязень	1
мадязонза	1
мазаня	1
маземихть	1
мазись	1
мазоптозь	1
мазоптомкатне	1
мазы-	1
мазыдонга	1
мазый	1
мазыйнестэ	1
мазыйстэ	1
мазыйхть	1
мазыняй	1
мазыть	1
мазышиц	1
мазярго	1
майсевттядызь	1
майсью	1
макариев	1
макск	1
максоза	1
максозе	1
максома	1
максомат	1
макссайне	1
макссек	1
макссемат	1
максси	1
максыняй	1
макшекс	1
маладыхть	1
малае	1
маласа	1
маликямбушев	1
мало	1
малое	1
малькинскяй	1
мамазе	1
мамолаево	1
манеров	1
маниель	1
маньчжуронь	1
мараль	1
марень	1
марианн	1
маринасель	1
маринась	1
марлюнь	1
марнeк	1
марнят	1
марсот	1
мартанста	1
мартогок	1
мартонь	1
мартть	1
мархксказе	1
мархтат	1
мархтонк	1
мархтонтан	1
мархтотнень	1
марьт	1
марю	1
маряви	1
марявсь	1
маряса	1
марясамак	1
марясы	1
маслянцять	1
массихть	1
мастораваськe	1
масторавать	1
масторбеста	1
масторланга	1
масторлангса	1
масторозень	1
масторонь	1
мастороньке	1
мастороньконь	1
масторс	1
материалсь	1
матнезень	1
матни	1
маторкина	1
матюшкинонь	1
машинаса	1
машинат	1
машнефтьсазь	1
маштозь	1
маштомашинц	1
маштт	1
маштыхть	1
маштышть	1
мгу	1
медалец	1
медведев	1
медьта	1
мездя	1
мезе-мезе	1
мезенди	1
мезенкса	1
мезти	1
мезьге	1
мезьдовок	1
мезьсовок	1
мезяра	1
мейсто	1
мекольдень	1
мекпяли	1
мекс	1
мелезт	1
мелезэм	1
мельган	1
мельдень	1
мельзе	1
мельшат	1
мелэ	1
меля	1
меляфтан	1
менели	1
менельс	1
менельса	1
менельть	1
менельхть	1
менякрутой	1
мера	1
мергихть	1
мерьги	1
мерьктями	1
мес-бди	1
месендеть	1
месендихть	1
месендят	1
месентяд	1
месеньди	1
месса	1
метафора	1
метафорать	1
методикань	1
методическаясекция	1
метра	1
мзярос	1
мигосени	1
миень	1
мизяра	1
миле	1
мильгат	1
мин	1
миндиенк	1
миндинек	1
миннетневок	1
минутаста	1
минцень	1
минь-	1
миньцень	1
миньёраме	1
мирденц	1
мирт	1
миса	1
мисак	1
михайлов	1
мишанин	1
мишанинать	1
мишанинонь	1
мк	1
мкрце	1
мн	1
модада	1
модазнек	1
модамарьть	1
модамарьхнень	1
модамарьцень	1
можно	1
мозгнень	1
мой	1
мокорне	1
мокорьхть	1
мокш	1
мокшeтнe	1
мокшава	1
мокшаван	1
мокшавань	1
мокшаватне	1
мокшалянь	1
мокшанскийпоэт	1
мокшаса	1
мокшась	1
мокшатьнэ	1
мокшель	1
мокшень-англаньге	1
мокшень-рузонь	1
мокшеньке	1
мокшетненди	1
мокшетненьди	1
мокшеть	1
мокшэрзятне	1
молeмаса	1
молеза	1
молень	1
молийхть	1
молишть	1
молодежнаякомиссия	1
молоденький	1
молодецат	1
молодецт	1
молодецтада	1
молодой	1
молодёжь73	1
молоко-топор	1
молсь	1
молчаново	1
мольсь	1
мольхть	1
монак	1
монастырь	1
мондейне	1
мондейнь	1
монденя	1
мондиень	1
монцень	1
монцьке	1
моньдине	1
моразе	1
морайхне	1
морайхнень	1
мораманц	1
морамонга	1
морамс	1
моран	1
морасы	1
моратама	1
морафтыне	1
морафтыхть	1
морд-пишля	1
морд-юнки	1
мордва-мокша	1
мордвов	1
мордовиесь	1
мордовиявмоскве	1
мордовияньконь	1
мордовиясь	1
мордовка	1
мордово	1
мордовочки-эрьзяночки	1
мордовск	1
мордовская	1
мордовски	1
мордовского	1
мордовскоеземлячество	1
мордовскяй	1
морнят	1
морода	1
морозень	1
моронза	1
моронзон	1
моронтень	1
мороня	1
мороса	1
моросна	1
морось	1
мороти	1
морсь	1
мортнень	1
морть	1
москва	1
москову	1
моску	1
москуву	1
москусь	1
моце	1
мощнайхтяма	1
мрдат	1
мрдафтат	1
мрдафтомс	1
мрдафцак	1
мряу	1
мряф	1
мряффф	1
мснкорм	1
мувору	1
муда	1
мужские	1
музей	1
музейэрьзи	1
музыкац	1
музыкацень	1
муйне	1
мукá	1
мукшность	1
мультфильмаса	1
мурррр	1
муса	1
мусак	1
мусаль	1
мусамань	1
муськас	1
муфоль	1
мучо	1
мушендан	1
мушенды	1
муян	1
мъзяра	1
мъля	1
мы	1
мыкр	1
мырде	1
мыроссияне	1
мытищаса	1
мюллерань	1
мягкий	1
мяки	1
мялезень	1
мялезонза	1
мяленте	1
мяленц	1
мялень	1
мяленьке	1
мяльда	1
мяльть	1
мяльхть	1
мяльхть-арьсемат	1
мяльце	1
мялямс	1
мялямсь	1
мяляфтсы	1
мяндеви	1
мяневат	1
мянтьф	1
мянць	1
мянь	1
мярьгат	1
мярьгомс	1
мярьгондищть	1
мярьгоньтяд	1
мярьгсть-мкрнерь	1
мярьгсь	1
мярьгтад	1
мярьгтада	1
мярьгтама	1
мярьк	1
мярьктяма	1
мяттяма	1
мяште	1
мяштенят	1
мяштьсон	1
н	1
н1ц	1
навальнаень	1
навер	1
наверна	1
наградили	1
надияк	1
надиямась	1
надькинонь	1
наемс	1
назёмонза	1
накрыла	1
наксафнезь	1
нал	1
налхкан	1
налхкомань	1
налхксемать	1
налхкси	1
налхксят	1
налхкшень	1
налхкшне	1
намутимм	1
нанотеехно	1
направахрекламы	1
нарайть	1
нармонень	1
нармоннятне	1
нармонькс	1
нармоттне	1
народа	1
народнай	1
народная	1
народно-прикладного	1
народонь	1
народсь	1
нароттне	1
нарьдe	1
наряжазь	1
настольгия	1
настроениясь	1
наталья	1
наташа	1
наташкинась	1
нать	1
наукась	1
нах	1
нахера	1
националистне	1
национальнаякухня	1
нди	1
небо	1
неделять	1
недля	1
недляста	1
недлят	1
недлять	1
недляшинь	1
недяляс	1
недялятне	1
неендинь	1
непочём	1
нерзе	1
неспорю	1
нетькс	1
нехуй	1
нешарон	1
неяви	1
никакгога	1
николаевич	1
николайсь	1
нилешка	1
нильгемонь	1
нильсак	1
ниля	1
нльне	1
новай	1
новая-потьма	1
новгород	1
новгородста	1
новость	1
новочадово	1
нолат	1
нолгады	1
нолдавксонеськ	1
нолдавкст	1
нолдазе	1
нолдайхть	1
нолдак	1
нолдамазь	1
нолдамс	1
нолдате	1
нолне	1
ноляй	1
нолямоснан	1
нолят	1
номеронц	1
номерс	1
номерэм	1
номинант	1
норовчатского	1
нос	1
ночи	1
ноябрь	1
ноябрьста	1
ну-ка	1
нужон	1
нуй	1
нука	1
нумол	1
нумолста	1
нумулундж	1
нуцькат	1
нъльня	1
нюрьхкя	1
нюряка	1
нюрямоц	1
нюрямсь	1
нява	1
няе	1
няеви	1
няевихть	1
няезе	1
няезь	1
няелине	1
няеме	1
няенде	1
няень	1
няи	1
няихть	1
няйнь	1
няйса	1
няйсайть	1
няйсаськ	1
няйфан	1
няйхтянза	1
няка	1
някань	1
нярда	1
нярдки	1
нярь	1
нярьхкамазонь	1
няфнесь	1
няфтеви	1
няфтеда	1
няфтезе	1
няфтемак	1
няфтемац	1
няфти	1
няфттяма	1
няфтьсы	1
няфтьфтольхть	1
няшкат	1
няят	1
о_о	1
обезьган	1
обещанда	1
обжавсь	1
обжорец	1
областень	1
облося	1
обман-курите	1
обочинаса	1
образовательныйфорум	1
общего	1
обществань	1
общественнай	1
объясню	1
обьебоса	1
обязательно	1
огарёв	1
огороженная	1
одат	1
одкосмтовсть	1
одкс	1
одксшить	1
одктомтовсь	1
одненте	1
однокурсниктне	1
одсь	1
одукс	1
ожу	1
озан	1
озаф	1
озафтови	1
озафтомс	1
озафтф	1
озктомс	1
озорник	1
ойман	1
оймепотсо	1
окда	1
окинавонь	1
окончаният	1
оксимиронь	1
октябрьста	1
оламс	1
олга	1
олесе	1
олесять	1
олешнэнь	1
оливер	1
ольга	1
омба	1
онда	1
онозе	1
онозт	1
онозти	1
онц	1
онцтонзонга	1
опана	1
опапты	1
опроскя	1
опять	1
организациясь	1
ордан	1
ордат	1
орел	1
орлова	1
орловой	1
орма-болезнь	1
орса	1
орхкатсы	1
осень	1
осиповать	1
осмиевого	1
особенно	1
отделом	1
отечества	1
отечественной	1
открытка	1
отличнай	1
отменил	1
отрицание	1
отрицание-	1
отто	1
отходосы	1
отькорьхненди	1
отькорят	1
офт	1
охкснихть	1
охота	1
охуительнай	1
охуительнайхть	1
оцюазора	1
оцюне	1
оцязор	1
очижись	1
очкозон	1
ош	1
ошезе	1
ошеньке-кельгома	1
ошибкать	1
ошонь	1
ошсонза	1
ошу	1
пeeди	1
пeк	1
пeнзань	1
пeфтома	1
пáнчфтома	1
павазсь	1
павазти	1
павазунä	1
павазуфт	1
паваст	1
пагодась	1
падлу	1
паз-тиринем	1
пазелки	1
пакарнят	1
паксюта	1
пакся	1
паксяв	1
паксяльтя	1
паксянке	1
паксясь	1
пакшкя	1
пал	1
паламань	1
паломс	1
палф	1
палыхть-типольдихть	1
паморькс	1
памятникт	1
памятникть	1
панарот-руцят	1
пангонят	1
панда	1
пандомда	1
пандоньке	1
панеде	1
панжеза	1
панжезь	1
панжельхть	1
панжема	1
панжемс	1
пани	1
панищть	1
панкт	1
панць	1
панчсак	1
панчсесазь	1
панчсят	1
панчфканзон	1
панчфса	1
панчфста	1
панчфсь	1
папань	1
парадеево	1
парапино	1
паркса	1
парксь	1
паро	1
пароксчинзэ	1
пароль	1
пархт	1
паршиньке	1
паршихть	1
парьхциень	1
пасиииииба	1
пасклия	1
паспортонь	1
пасскам	1
пациенттнень	1
пацькафты	1
пацяня	1
пацят	1
пача	1
пачань	1
пачатня	1
пачка	1
пачкодельхть	1
пачкодеме	1
пачкодемс	1
пачтав	1
пачфни	1
пачфтемс	1
паяклажадоть	1
паёво	1
певай	1
певецне	1
педь	1
пееди	1
пеель	1
пеензовок	1
пеетть	1
пежа	1
пезаса	1
пезомс	1
пезфтай	1
пезфтыне	1
пейзаженза	1
пейхнень	1
пек	1
пекозеге	1
пели	1
пелметне	1
пелькстамот	1
пельхть	1
пенгатнень	1
пенза	1
пензенскей	1
пенсияц	1
пеняндама	1
перевесье	1
перемиси	1
перень	1
переняв	1
переработка	1
переса	1
пери	1
перкунаса	1
перхляйса	1
перьфпяльксть	1
перяка	1
перякат	1
перят	1
песа	1
пет	1
петема	1
петербургса	1
пети	1
петушек	1
пец	1
печатлакшневихть	1
печкить	1
печкса	1
пештенят	1
пештинеть	1
пзьгата	1
пзьгатаня	1
пиванди	1
пиваня	1
пиваняда	1
пивкина	1
пиво	1
пидеват	1
пидевсть	1
пидемац	1
пидеть	1
пидетяма	1
пидеф	1
пидись	1
пидян	1
пидят	1
пижелды	1
пижень	1
пиженять	1
пизeмонь	1
пиза	1
пиздецт	1
пизелда	1
пизелонь	1
пиземнясь	1
пиземонь	1
пиземть	1
пизоса	1
пизот	1
пизотнень	1
пикскаса	1
пилге	1
пиленза	1
пилесна	1
пилетне	1
пилигт	1
пильгекиге	1
пильгокит	1
пильгонень	1
пилькнень	1
пингe	1
пингесь	1
пингса	1
пингсна	1
пингстон	1
пингстонза	1
пингта	1
пингти	1
пиндолдыхть	1
пинесь	1
пинетне	1
пинетневок	1
пинкнень	1
пинцеца	1
пиргуж	1
пиренеське	1
пирькс	1
писатель	1
питерса	1
питнетне	1
питниста	1
питняц	1
питушнясь	1
питушняти	1
пицёра	1
пицёраста	1
пиче	1
пичезе	1
пиченя	1
пичеть	1
пичефксозень	1
пичефксс	1
пичпанду	1
пияда	1
пияна	1
пиянза	1
плазаса	1
план	1
планшетнень	1
плитатнень	1
плотникокс	1
плотничающий	1
плоф-опечатка	1
по	1
по-более	1
по-мокшански	1
по-ходу	1
по-эрзянски	1
поват	1
повезло	1
пови	1
поводимово	1
повосон	1
повфтаф	1
подворьяса	1
поди	1
подлеснаятавла	1
подовольне	1
подруга	1
поездэсь	1
пожалуйста	1
пожелеете	1
позась	1
позать	1
поиск	1
поисковоедвижение	1
пойдёт	1
покаряв	1
покодеманнетне	1
покодеманте	1
покодемасот	1
покодиензон	1
покодтяма	1
покой	1
покойник	1
покшчи	1
поладксонди	1
полаксай	1
полафтсь	1
полафц	1
полга	1
полгась	1
полевая	1
полеснась	1
политиканц	1
полковникть	1
полликлиникать	1
полянскей	1
помагама	1
понда	1
понты	1
попозже	1
пораж	1
порапась	1
порапин	1
порась	1
поремс	1
потафтсазь	1
потмозон	1
потмос	1
потмоса	1
потмосот	1
потмоти	1
потому	1
потьцемонза	1
потяйхне	1
потян	1
потясак	1
пофотался	1
пофта	1
похмильяс	1
похожай	1
почтав	1
почтань	1
почтаста	1
почтать	1
поэзиясь	1
поэмать	1
поэт	1
поэтсь	1
прават	1
правданесь	1
правдаста	1
правдась	1
правдивый	1
праведный	1
правыетатары	1
праздником	1
праздникти	1
прайхть	1
пралень	1
прамазень	1
прамс	1
праф	1
прафтсаськ	1
прафтсь	1
прафты	1
прважасы	1
предводителя	1
предложенияса	1
предприятиязо	1
предупредила	1
презе	1
презеденнты	1
презентациякниги	1
президент	1
премиянь	1
премьера	1
преподаватель	1
пресс-службати	1
прецень	1
прздником	1
привет	1
привечающий	1
примак	1
примама	1
приман	1
примасть	1
присоединяешься	1
прифик	1
прксе	1
пробабушки	1
проблемат	1
программань	1
программать	1
продеды	1
продуктат	1
продуктовай	1
проект	1
происходитсь	1
прокстонь	1
прокуратурань	1
прокуратураса	1
просто	1
простямак	1
простямасть	1
простямшкаце	1
проходять	1
прохоровати	1
прошедшей	1
прсочился	1
пруссонь	1
прювет	1
прява	1
прязень	1
прязон	1
прялон	1
пряма	1
прянь	1
пряньконь	1
прясост	1
пряста	1
пряуйхть	1
пряце	1
псида	1
псиии	1
псине	1
псиса	1
псить	1
пськизьсть	1
птыхть	1
пувордатанза	1
пудин	1
пукшеня	1
пула	1
пулопесэ	1
пульхки	1
пуляса	1
пургенепаза	1
пуре	1
пуромксс	1
пуромксть	1
пуромс	1
пурумкшнесть	1
пурхц	1
пурьхкятнень	1
пурьхца	1
пурьхць	1
пурьхцькянят	1
пута	1
путинтть	1
путлер	1
путнетяма	1
путнотад	1
путозь	1
путомс	1
путонда	1
путсак-	1
путсаськ	1
путт	1
путфкс	1
путыйть	1
путыне	1
пухадема	1
пухадсть	1
пуштф	1
пцтай	1
пчкамс	1
пчкянь	1
пчкясь	1
пчкять	1
пшеннаякаша	1
пшкядеманьконь	1
пшкядсь	1
пъезо	1
пърьхць	1
пъцтай	1
пъчкамс	1
пъчкянь	1
пъчкясь	1
пъчкять	1
пьесанц	1
пьянзин	1
пяденцяв	1
пяденцять	1
пяк-пяк	1
пялевеста	1
пялон	1
пялонк	1
пяльде	1
пялькст	1
пялькстама	1
пялькстомась	1
пяльф	1
пянакуд	1
пянакудса	1
пянакудсь	1
пятна	1
пяшкодемац	1
пяшкоди	1
пяштенят-ваи	1
р	1
р-на	1
р-нь	1
р-оне	1
работа	1
рабочиемоменты	1
равджа	1
равженетня	1
равжец	1
равчнень	1
равчт	1
радивань	1
радиопередачась	1
радущая	1
раз	1
разницась	1
разумныхть	1
раи	1
районста	1
районть	1
району	1
районц	1
райоттнень	1
райса	1
райсь	1
рамави	1
рамаде	1
рамайть	1
раман	1
рамаса	1
рапартую	1
растрел	1
растущая	1
раськенть	1
рафлезия	1
раффлезию	1
рахай	1
рахамацевок	1
рахси	1
рахсят	1
рачков	1
рашкопулоня	1
раёнсь	1
рдаз	1
рдазуста	1
рдк-нь	1
рдк-са	1
ревалюцанэр	1
регион	1
регионга	1
регионётконь	1
редакциянь	1
редакцияса	1
редколлегиянц	1
резвящаяся	1
рейдерский	1
река	1
реклама	1
репер	1
реса	1
респегт	1
республикаса	1
республикасонк	1
республикатнеде	1
рестав	1
ризназь	1
ризнай	1
ризнатама	1
ризнэтяно	1
ризф	1
рисовашки	1
рисункась	1
рм	1
роботасот	1
рог	1
род	1
родина	1
родиназень	1
родинань	1
родинать	1
родной	1
родсом	1
рожь	1
розсь	1
розьбанчф	1
роиси	1
ронга	1
ронгоц	1
ронгсон	1
роскомнадзора	1
россия	1
россияса	1
россиясь	1
россияттама	1
рубрикасонк	1
рубящий	1
рузаевка	1
рузаевкай	1
рузаевкась	1
рузаевский	1
рузаевскийрайон	1
рузаевскяй	1
рузат	1
рузес	1
рузк	1
рузмасторть	1
рузыяй	1
рукоплескал	1
рулииит	1
руотси	1
руотсолайнен	1
русов	1
русских-славян	1
русть	1
руцянят	1
рьвяйсеманди	1
рьвяце	1
рьвяямать	1
рьвяямац	1
рьвяясь	1
рюрриковичи	1
рябиновые	1
сeди	1
сeнeм	1
са	1
саван	1
савватьевич	1
савсь	1
саде	1
садко	1
саза	1
сазоркай	1
сайтсонк	1
сал	1
салаване	1
салавань	1
салазе	1
салазь	1
саламс	1
саласак	1
салейкум	1
салеть	1
салмат	1
салмоксканза	1
салня	1
салынскяй	1
салынскяйсь	1
сальде	1
самай	1
саманц	1
самань	1
самарань	1
самарасан	1
самац	1
самогонкась	1
самолётса	1
самс	1
самсоновонь	1
санга	1
сандоркс	1
санкт-петербурга	1
санкт-петербургонь	1
санкт-петербургу	1
санна	1
сань	1
сараз	1
саразти	1
саранск-	1
саранска	1
саранская	1
саранскяeнь	1
саранскяйста	1
саранскяйсь-	1
саранскяйть	1
саратовса	1
сарнскяйть	1
сартт	1
састынь	1
сатай	1
сатам	1
сатни	1
саттанза	1
сатуж	1
сатфкс	1
сатыш	1
саудовскяй	1
саф	1
сафт	1
сашенда	1
сашендода	1
сашендома	1
сашендомс	1
сашендсть	1
саян	1
свадебныйобряд	1
свадьба	1
сведт	1
свезовонда	1
сверху-вниз	1
свет	1
светослав	1
светотехстроя	1
свецень	1
свецьт	1
се--кс	1
себе	1
себя	1
севамс	1
севан	1
севернорусское	1
севомс	1
седиезон	1
седизе	1
седизень	1
седизон	1
седизост	1
седикс	1
седикс-ваймокс	1
сединь	1
седиса	1
седиста	1
седистонза	1
седистот	1
седице	1
седицень	1
седишкада	1
седсь	1
седьботмонь	1
седьсь	1
сеель	1
сеельсь	1
сезонць	1
сей	1
секешвехерваса	1
секир	1
секс	1
сексеть	1
секция	1
селекционер	1
селема	1
селищи	1
селмованфоц	1
сельгомда	1
сельме	1
сельмованфса	1
сельмоведь	1
сельмода	1
сельмоди	1
сельмоне	1
сельмонь	1
сельмоса	1
сельскяй	1
сембонкса	1
сембоц	1
сембоце	1
сембсь	1
семинар	1
семия	1
семпатичнаят	1
семьяса	1
сентябрьти	1
сень	1
сергейтерханов	1
середневка	1
середян	1
серема	1
сереса	1
серихть	1
серма	1
сермадат	1
сермадода	1
сермадозе	1
сермадомась	1
сермадость	1
сермады	1
серматф	1
серматфсонса	1
сермачнень	1
серьгятте	1
сестэ	1
сетьмоси	1
сетьмошись	1
сетьса	1
сеф	1
сеходянь	1
сжать	1
сивозень	1
сиде	1
сиземати	1
сизефть	1
сизихть	1
сизоворонка	1
сильнаят	1
симан	1
симбо	1
симбонь	1
симицятне	1
симма	1
симмас	1
симомбяль	1
симонда	1
симондян	1
симондят	1
симьбе	1
синге	1
сингорязь	1
синдеви	1
синеватое	1
синкаса	1
синонипнень	1
синць	1
синьдиист	1
синяя	1
сипть	1
сиредсь	1
сиреневогрудая	1
сиреть	1
сирешись	1
сисемце	1
ситерди	1
сих	1
сияжарсь	1
сиянь	1
сиясь	1
сканды	1
сканируюсь	1
скатина	1
скиньте	1
скитлс	1
скупаемая	1
скушнавинек	1
слава	1
славада	1
слажаме	1
слов	1
слова	1
словарь	1
случайно	1
случайня	1
смиртезнь	1
смоки	1
смс-кат	1
смс-са	1
смузенза	1
смузенцты	1
смузень	1
смузец	1
смузсь	1
смузьти	1
смузьть	1
смузю	1
со	1
соадаса	1
собчаконь	1
совет	1
современнай	1
согласна	1
содавиксокс	1
содавикст	1
содай	1
содайть	1
содайхть	1
содалине	1
содамань	1
содамошинь	1
содан	1
содасась	1
содасть	1
содат	1
содаф	1
содафттядязь	1
сокамац	1
сокор	1
солай	1
солама	1
солась	1
солдатс	1
солдаттнонди	1
солнечный	1
солсе	1
сомой	1
сонга	1
сондеенза	1
сонцень	1
соньдиинза	1
сообщениять	1
соткс	1
сотнeкшнeф	1
сотневе	1
сотнеса	1
сотнесь	1
сотнеф	1
сотнян	1
социальнай	1
сочиняшки	1
сочне	1
спамеры	1
спамишь	1
спасипппки	1
спектаклясь	1
списка	1
спокойной	1
спортзалса	1
спорямс	1
сразу	1
срафне	1
срхкан	1
срхкась	1
срхкафтан	1
срхксеть	1
сса	1
ссам	1
сссссссссолнце	1
ссылкась	1
стадась	1
стазь-викшнезь	1
стай	1
стакан	1
стакаста	1
стакат	1
стакшинь	1
сталмотнень	1
стамка	1
станя	1
станя-	1
стапт	1
старай	1
старайсь	1
старорусск	1
стас	1
степаныч	1
стереоочки	1
стесь	1
стирать	1
стирдест	1
стирензон	1
стиренне	1
стиренцты	1
стиреньконь	1
стирнетне	1
стирняй	1
стирнянь	1
стирняньке	1
стирнят-якстернят	1
стирнятня	1
стирхне	1
стирце	1
стирьнятня	1
стирьхне	1
стирьхненди	1
стирьхнень	1
стирят	1
стихне	1
стихнень	1
стихонзон	1
стихонь	1
стихотвореният	1
стихотворениять	1
стихть	1
столицаньке	1
столько	1
страшнай	1
строесть	1
стропилати	1
строчкань	1
строчкаса	1
строчкатнень	1
стряндамс	1
стряненда	1
студентонь	1
студенточкатнень	1
студеттнень	1
студияв	1
студиянь	1
стырнят	1
стэрть	1
стядо	1
стяй	1
стярьнят	1
стясь	1
стяфтцак	1
стёпась	1
субботаста	1
сувамстот	1
сувань	1
суватам	1
суватама	1
суд	1
суоми	1
суомикс	1
супппппеееерррррр	1
сургутса	1
суровайхть	1
сушай	1
сходкяк	1
сходняк	1
схотка	1
сценать	1
сърхкань	1
сынек	1
сынст	1
сыргах	1
сырнень	1
сычковонь	1
сюваева-ёжиковати	1
сюжетонкса	1
сюконямс	1
сюконятам	1
сюкпре	1
сюкпрянь	1
сюкунян	1
сюльгамо	1
сюмерьге	1
сюнеда	1
сюрe	1
сюролдат	1
сюру	1
сюру-булу	1
сюрхцемня	1
сюцемак	1
сяван	1
сявац	1
сявацень	1
сявине	1
сявода	1
сявондихть	1
сявоть	1
сядода	1
сядя	1
сяконь	1
сялгадольхть	1
сялгодыхть	1
сялдома	1
сяльде	1
сянди	1
сянцты	1
сяпить	1
сяря	1
сярятьф	1
сярятьфть	1
сяськозе	1
сяськомать	1
сяськта	1
сятков	1
сятнень	1
сяфть	1
сёксe	1
сёксeнь	1
сёксенда	1
сёксенясь	1
сёксети	1
сёксец	1
сёпови	1
сёрма	1
сёрмав	1
сёрмад	1
сёрмадозе	1
сёрмадомста	1
сёрмадсь	1
сёрмадыец	1
сёрмадыти	1
сёрмадыхненди	1
сёрмань	1
сёрмат	1
сёрматфозе	1
сёрматфтомась	1
сёрматфтсь	1
сёрматфты	1
сёрмафта	1
сёрмачньсынь	1
сёронь	1
тeeнь	1
тeатрав	1
тeрдихть	1
тeртьф	1
тeфт	1
тeчи	1
табакс	1
табаксюровы	1
тавлань	1
таджиках	1
такая	1
такаяже	1
такого	1
таколды	1
таколфты	1
таколфтыхть	1
такор	1
таксистсь	1
тала	1
там	1
тамбовса	1
тамбовщина	1
танга	1
танеева	1
танец	1
танкаса	1
тансти	1
танцеванцеде	1
таньфкаснон	1
таньфонц	1
таньфть	1
танюша	1
танюшканеньке	1
тапавт	1
тапань	1
тарадаев	1
тарадоц	1
тарадса	1
таразбуе	1
тарвана	1
таргада	1
таргайть	1
таргама	1
таргамс	1
таргаса	1
таргасайне	1
таргасть	1
таргаф	1
тарксезень	1
тарксемс	1
тарксеса	1
тарксихть	1
тарсксян	1
тарскят	1
татаркс	1
татарстан	1
татархне	1
татьянань	1
татьянать	1
тв	1
творческяй	1
творчестванц	1
творчестванцты	1
те	1
театраньке	1
театрасан	1
театрась	1
театрать	1
тебя	1
тевазе	1
тевботмоса	1
тевда	1
тевете	1
тевнянте	1
тевнянтя	1
тевонкса	1
тевонтя	1
тевонь	1
тевоньке	1
тевоц	1
тевоцка	1
тевс	1
тевста	1
тевське	1
тевфтома	1
тееньк	1
теетядо	1
теждят	1
тейнза	1
тейнье	1
тейняста	1
тейтерь-авань	1
тейтяно	1
текшт	1
темась	1
темниковань	1
темниковская	1
тенк	1
тень	1
теньгушевабуень	1
теньс	1
тердема	1
терханов	1
тесе	1
тестовааннать	1
тефня	1
тефт	1
течимсь	1
тешкава	1
тештихть	1
тештьфть	1
тещне	1
тещнищть	1
тещте	1
тжнай	1
тив	1
тивозе	1
тивонтте	1
тивоньте	1
тивснон	1
тивце	1
тигрёнок	1
тиеви	1
тиезь	1
тиема	1
тиемати	1
тиендезь	1
тиендемс	1
тиендсь	1
тиендьсазь	1
тиенттяда	1
тиенттяма	1
тиет	1
тии	1
тииснон	1
тиити	1
тиить	1
тиихне	1
тиихнень	1
тийнь	1
тийтке	1
тийф	1
тик	1
тиклань	1
тильда	1
тинценьге	1
тинць	1
тиньге	1
тиньдиить	1
тинярс	1
типа	1
тисть	1
тисы	1
тись	1
титяма	1
тиф	1
тифне	1
тифте	1
тихтяда	1
тицрм	1
тишеда	1
тишет	1
тнярошка	1
товонь	1
тогафтыйть	1
того-же	1
тоду	1
тозеронь	1
токай	1
токайста	1
токоизмеритель	1
тол	1
толда	1
толкансо	1
толмар	1
толнякс	1
толнять	1
толонь	1
толс	1
толса	1
тольятти	1
тона	1
тонавтсыть	1
тонадомс	1
тонады	1
тонат	1
тонафнеда	1
тонафнек	1
тонафнемада	1
тонафнемаса	1
тонафнемась	1
тонафнень	1
тонафнесазь	1
тонафнесаськ	1
тонафнесть	1
тонафнесь	1
тонафни	1
тонафнян	1
тонафнят	1
тонафтыйть	1
тонафтысь	1
тонафтыхне	1
тонафтыхть	1
тонафцайне	1
тондедот	1
тондейть	1
тондитьке	1
тоннь	1
тонцень	1
тонценьге	1
тонцке	1
тоньдить	1
тоньфтемот	1
тоньфтемт	1
тоньцко	1
тоньць	1
топодемать	1
топодсь	1
топса	1
торбеевав	1
торбеевский	1
торбей	1
торбейста	1
торбею	1
торбию	1
тотальнай	1
тофнень	1
точнась	1
тошкайхть	1
тошкама	1
тошкинь	1
тошнаинек	1
тошнань	1
тошнась	1
траксне	1
тракссь	1
траксь	1
трасса	1
трват	1
трек	1
трещина	1
тройцяста	1
троллить	1
тряк	1
тт	1
тувихть	1
тувор	1
тумать	1
тумонь	1
тумоть	1
тумпаровась	1
тумстонза	1
тумя	1
тундаль	1
тундаля	1
тунданяй	1
туповатого	1
туризм	1
туризмань	1
туркс	1
турнирсолеме	1
тусть	1
тут	1
тутзе	1
туть	1
туф	1
туфталоц	1
туфталфтома	1
туфталце	1
туцянят	1
туцясь	1
туцять	1
туча	1
тушенда	1
тушендсь	1
тц	1
тыжнайхть	1
тэчека	1
тюре	1
тюркина	1
тюркскай	1
тюрьма	1
тюста	1
тюсть	1
тютельки	1
тя-	1
тявтане	1
тявтома	1
тяддень	1
тядезе	1
тядязе	1
тядякай	1
тядякс	1
тядянтенди-алянтенди	1
тядянцты	1
тядяснон	1
тядят	1
тядяти-сирети	1
тядять	1
тязк	1
тяи	1
тяконь	1
тялонда	1
тялоня	1
тялоське-	1
тяль	1
тяльмось	1
тяльмошка	1
тянди	1
тянемс	1
тяряфнят	1
тяряфтк	1
тяряфттама	1
тяст	1
тятама	1
тяфтане	1
тяфтапненди	1
тяфтома	1
тяфтоматне	1
тячи-ванды	1
тячиеннесь	1
тячизе	1
тячись	1
тячити	1
тяшкстасазь	1
тяшнемс	1
тяшнихть	1
тяштеда	1
тяштезе	1
тяштезь	1
тяштеманкса	1
тяштемань	1
тяштенне	1
тяштеняса	1
тяштенять	1
тяшти	1
тяштиец	1
тяштись	1
тяштцень	1
тяштьса	1
тяштьфсь	1
тяштьфтема	1
тяштьфтьса	1
тящцак	1
тёгонняти	1
тёжянь	1
тёжяньшка	1
тёлкат	1
тёлок	1
тётказе	1
тётьмаконь	1
тёщазе	1
убавляй	1
убийствоо	1
уват	1
уваф	1
уващть	1
уголса	1
угрань	1
уда	1
удак	1
удалась	1
удмурт	1
удмуртияса	1
удонь	1
уебищат	1
уезда	1
уемс	1
уженетне	1
уженяса	1
уженят	1
ужяленди	1
ужяль	1
ужяльдезе	1
уи	1
уйть	1
украинаса	1
украинаста	1
украшениясаранск	1
укузание	1
улeза	1
уле	1
улеза	1
улельхть	1
улемат	1
улендень	1
улендеть	1
уленкшнесь	1
улеть	1
улизе	1
уликсса	1
улишта	1
улищть	1
улоц	1
улсть	1
ульме	1
ульн	1
ультяма	1
ульхт	1
ульцаса	1
ульцява	1
ульцясь	1
ульцят	1
ульяновск	1
ульяновскяй	1
умляут	1
унынец	1
упорякшнемс	1
урааааааа	1
ураааааааа	1
ураааааааааа	1
уроксь	1
уромсь	1
урусово	1
урядама	1
урядаф	1
усатнень	1
усксть	1
успениепресвятойбогородицы	1
уставасаськ	1
утверждения	1
утверждениякс	1
утомса	1
утосонза	1
ууй	1
уууууууу	1
уфай	1
ухтышка	1
уцяска	1
уча	1
участковый	1
учеват	1
учеви	1
учезь	1
учема	1
учи	1
учиеце	1
учитель	1
учителя	1
учовксонок	1
учсасть	1
учсема	1
учсематне	1
учсесь	1
учсефт	1
учсихть	1
учсят	1
учтам	1
учтядязь	1
ушeсь	1
ушeськe	1
ушаковонь	1
ушедови	1
ушедоде	1
ушедома	1
ушедомста	1
ушедсть	1
ушеса	1
ушет	1
ушетк	1
ушеть	1
фа	1
фа-диез	1
фамилии	1
фамилиясна	1
фатя	1
фатязе	1
фатят	1
фатятяда	1
фашистне	1
февральсь	1
февральть	1
федерациять	1
федоровна	1
феклань	1
фестивальсенть	1
филологическийфакультет	1
фильмадонть	1
фильмазор	1
фильматнень	1
филянь	1
финами	1
финань	1
финизмов	1
финно	1
финно-угры	1
финов	1
финов-мерян	1
фио	1
фиолета	1
фиолетовых	1
фкакс	1
фке-1	1
фкень	1
фкянь	1
фолк-	1
фотканкса	1
фоткаса	1
фоткась	1
фоткат	1
фотобатл	1
фотографии	1
фотографируйсленочкой	1
фотографиянь	1
фотографияса	1
фотографсаранск	1
фотокарточка	1
фотокувось	1
фотонц	1
фотостатус	1
фотот	1
фоточку	1
фраерсь	1
фронтста	1
фталга	1
фталда	1
фталксь	1
фталняцень	1
фталоц	1
фталу	1
фталуга	1
футболонь	1
футболса	1
фёдорович	1
хаймашкерса	1
хантонь	1
хаппи	1
характеристика	1
хата	1
хейнонень	1
херь	1
химкасовок	1
химмашса	1
ходяят	1
хозяйствать	1
холлса	1
хореографическяй	1
хороводмира	1
храм	1
храмсь	1
хто	1
хть	1
художественнай	1
художественныйфильмазор	1
художниксь	1
хуета	1
хуипутола	1
хуйнят	1
цалковайда	1
цветы	1
цебярста	1
цебярть	1
цебярхть	1
цебярьгофтомс	1
цебярьдонга	1
цебярьнят	1
цебярьхть	1
целай	1
целом	1
цемарат	1
центрав	1
церань	1
цераста	1
цератне	1
церькусь	1
цеюярь	1
цигаркат	1
цилигина	1
цильге	1
цильди	1
цюкор	1
цютькя	1
цяфазевсь	1
цёмарат	1
цёразе	1
цёранц	1
цёрань	1
цёраняц	1
цёрати	1
цёратне	1
цёрац	1
цёраце	1
ч	1
чавовозть	1
чакай	1
чамзинка	1
чао	1
чапкун	1
чапнань	1
часовса	1
частотась	1
частотать	1
частушки	1
чатай	1
чатамс	1
чачома	1
че	1
чеберь	1
чебоксары	1
челмакина	1
чем	1
черёмуховая	1
честный	1
чет	1
четай	1
чи	1
чибатуха	1
чильфсь	1
чиндяз	1
чиндяй	1
чинза	1
чинть	1
числась	1
чистокровнай	1
читандамс	1
читордозь	1
чить	1
чокадень	1
чтоли	1
чтонь	1
чуван	1
чувашия	1
чудинка	1
чужан	1
чукалы	1
чуркат	1
чутка	1
чёпафтомс	1
шабакс	1
шабасна	1
шабат	1
шабать	1
шабра	1
шабранзовок	1
шавийхть	1
шавови	1
шавомс	1
шавонь	1
шавф	1
шадым	1
шайгавть	1
шайгов	1
шайговаста	1
шайгово	1
шалхка	1
шалхкцень	1
шальвайхть	1
шама	1
шамасонк	1
шамать	1
шамафксса	1
шангадема	1
шапам	1
шапамо	1
шаржу	1
шаркодян	1
шаркстсь	1
шарови	1
шарондомс	1
шаронды	1
шарфтан-мрдан	1
шарфтода	1
шархькадяй	1
шары	1
шарьхкоде	1
шарьхкодевиста	1
шарьхкодевихть	1
шарьхкодеманкса	1
шарьхкодень	1
шарьхкодеть	1
шарьхкоди	1
шарьхкодихтень	1
шарьхкодьсазь	1
шарьхкодьсан	1
шарьхкодят	1
шарьхкотьф	1
шахматонь	1
шачeм	1
шачема-	1
шачемань	1
шачемаце	1
шачемашйцень	1
шачи-касы	1
шачись	1
шачсть	1
шачфтомазь	1
шашлыкнень	1
шашлыконесь	1
шашлыконь	1
шаштат	1
шаштыхть	1
шварцнегера	1
шеерня	1
шеернят	1
шееронь	1
шеньже	1
шерхкодие	1
шерьхтяма	1
ши-налхкшкя	1
шивгонь	1
шида	1
шинек-венек	1
шиненясь	1
шинияфтсы	1
шинте	1
шинь	1
шиньберьф	1
шиньжарома	1
шиньфсь	1
шиняти	1
шинять	1
ширeм	1
ширeсонк	1
ширен	1
ширеса	1
ширети	1
ширть	1
ширькстамс	1
шиса	1
шисан	1
шиста	1
шитнeнь	1
шиц	1
шицоль	1
шичиновась	1
шка	1
шкай	1
шкайське	1
шкамась	1
школоту	1
шназе	1
шнамаса	1
шнамась	1
шнамат	1
шнаса	1
шнафтан	1
шнафты	1
шобдавастакиге	1
шобдавати	1
шобдас	1
шобдаса	1
шобдась	1
шобдашоворнясь	1
шовай	1
шовдава	1
шовор	1
шову	1
шоколадонь	1
шокшетнень	1
шокшк	1
шонгар	1
шонгарста	1
шопдава	1
шоподема	1
шоря	1
шорявсь	1
шоряйне	1
шочконя	1
шочконять	1
шочкське	1
шочмо	1
шразт	1
шраса	1
шрать	1
штада	1
штады	1
штанаса	1
штасазь	1
штоли	1
штоль	1
штраф	1
шубрат	1
шувар	1
шудeрькскясь	1
шудерьксокс	1
шукадемс	1
шукатьк	1
шумбракснеда	1
шумбранä	1
шумбрата	1
шумбраши-цебярь	1
шумбрашись	1
шумбрашиц	1
шумилкин	1
шумордавсь	1
шурьхкя	1
шурьхкянь	1
шутить	1
шуфт	1
шуфтста	1
шуфтт	1
шуфттне	1
шуфттнонь	1
шякшатась	1
шяняфкст	1
шяярь	1
шяярьхть	1
шяять	1
щава	1
щавазень	1
щавантенди-щятянтенди	1
щаваньке	1
щават	1
щамоньке	1
щамс	1
щамса	1
щамсотольхть	1
щамста	1
щанкин	1
щапт	1
щевельняв	1
щинте	1
щить	1
щупацазь	1
щятя	1
ърьвакс	1
ърьвя	1
ы	1
эвондай	1
эвфтемс	1
эенда	1
эендай	1
эендамков	1
эендать	1
эжат	1
эждезе	1
эждемонк	1
эжемс	1
эжинди	1
эзганзо	1
эздонза	1
эздот	1
эзем	1
эзон	1
эи	1
эй	1
эйкакшот	1
эйндамс	1
эйсе	1
эйсэть	1
эйхне	1
экзамен	1
экспедициясь	1
эксперт	1
экь	1
элбедень	1
электричкаса	1
электротестер	1
эли	1
элла	1
эльбядема	1
эльбятькскаснон	1
эльбятьксонтнень	1
эльбятькст	1
эльбятькста	1
эльсон	1
элюва	1
элякодсть	1
эпость	1
эреклай	1
эресть	1
эрз	1
эрзявась	1
эрзяват	1
эрзянди	1
эрзятнe	1
эрзятнень	1
эрьгела	1
эрьгодсь	1
эрьгярькс	1
эрьзянь	1
эряв	1
эрявиксокс	1
эряволь	1
эрявсь	1
эряйхне	1
эрямась	1
эрямов-	1
эрямонзо	1
эрямопингть	1
эряна	1
эряния	1
эрясть	1
эрясть-ащесть	1
эрясь	1
эрятама	1
эряфозьнь	1
эряфонькe	1
эряфти	1
эряш	1
эряшть	1
эсонок	1
эсот	1
эстеенть	1
эстокиге	1
этась	1
этника	1
этномода	1
этнофутуризм	1
этношколась	1
это-же	1
этомы	1
эфироньке	1
эфирсовок	1
эфирсонк	1
эфирсэ	1
эфирт	1
эфирэнэк	1
эхи	1
эхярь	1
эце	1
эцихть	1
эшелямс	1
эшиста	1
эштё	1
ээээээрррьь	1
эээээээ	1
ю	1
юбилей	1
ювади	1
юводыхть	1
юга-запада	1
юксне	1
юксневи	1
юкста	1
юкставихть	1
юкстак	1
юкстамс	1
юкстаса	1
юкстаса-сяс	1
юкстаф	1
юмама	1
юмамс	1
юмасть	1
юмаф	1
юмафтозь	1
юмсе	1
юр	1
юрги-лтай	1
юргома	1
юргонды	1
юрнай	1
юрнек	1
юрнява	1
юронза	1
яблоки	1
явас	1
явассь	1
яват	1
явонь	1
явфтан	1
якат-шяят	1
якатама	1
яксесть	1
якстерь-краснай	1
якстерьгафнесамасть	1
якстеряпсонзон	1
якшамa	1
якшамть	1
якшапт	1
якшафты	1
ялагат	1
ялгазе	1
ялгакс	1
ялгаксшинь	1
ялганди	1
ялгане	1
ялганц	1
ялгатнень	1
ялгать	1
ялгацти	1
ялкат	1
ямбушевась	1
ямда	1
яна	1
янга	1
янгунов	1
яння	1
японецат	1
япунияста	1
япунокс	1
япунонь	1
ярмакозе	1
ярмаконянц	1
ярмаконять	1
ярхцак	1
ярхцама	1
ярхцамань	1
ярхцамбяльхт	1
ярхцамс	1
ярхцасть	1
ярхцсетяма	1
ярцамо	1
яхрцамбелсь	1
ёвтыть	1
ёжик	1
ёжиковати	1
ёмазть	1
ёмласта	1
ёндол	1
ёндолкс	1
ёндолс	1
ёндолсь	1
ёнец	1
ёньган-ронгован	1
ёньда	1
ёрайть	1
ёрань	1
ёрась	1
ёратама	1
ёрдавихть	1
ёрдафт	1
ёрямат	1
ётазь	1
ётак	1
ётамась	1
ётатама	1
ётафсь	1
ётафтозе	1
ётафтомаса	1
ётафтомс	1
ётафтса	1
ётафтыне	1
ёткозонк	1
ёткс	1
ётксонокат	1
ёткстонк	1
ёткши	1
ётни	1
ётнихтень	1
ёфксонь	1
ёфксце	1
ёфси	1
